﻿<?xml version="1.0" encoding="utf-8"?>
<!-- Group Massaging v1.80 -->
<!-- XMLコメントは更新用に使用するので修正は要注意
     unread_button_XXX 未読ボタンの開始、終了を示す
     unread_frame_start 未着数表示用のフレームの開始を示す
     unread_frame_end   未着数表示用のフレームの終了を示す
-->
<livearea style="a1" format-ver="01.00" content-rev="2">
	<title color="#7349eaff"/>
	<livearea-background>
		<image>Messages_LA_bg.png</image>
	</livearea-background>
	<system-function-zone>
		<func>online-manual
			<target>sceman:messages</target>
		</func>
	</system-function-zone>
	<gate>
		<startup-image>Messages_gate.png</startup-image>
	</gate>
	<!--unread_frame_start-->
	<frame id="frame3" multi="o" autoflip="0">
		<liveitem>
			<!--unread_button_start-
			<image x="-356" y="-29" origin="frame">Messages_btn_LAReceivedMsg.png</image>
			-unread_button_end-->
		</liveitem>
	</frame>
	<!--unread_frame_end-->

</livearea>
