<?xml version="1.0" encoding="utf-8"?>

<livearea style="a1" format-ver="01.00" content-rev="1">
	<livearea-background>
		<image>bg0.png</image>
	</livearea-background>
	
	<title color="#a9e2e1ff"/>
	
	<!-- システムファンクションエリア 最大7個 -->
	<system-function-zone>
	</system-function-zone>

	<gate>
		<startup-image>default_gate.png</startup-image>
	</gate>

	<!-- 各Space配置 -->
	<frame id="frame3" multi="o" autoflip="0" >
		<liveitem>
		</liveitem>
	</frame>

</livearea>
